{
  "problem_number": "005",
  "problem_title": "Smallest multiple",
  "timestamp": "2025-06-29T17:38:52.934864",
  "config": {
    "runs": 3,
    "warmup_runs": 1,
    "min_time": 0.001,
    "max_time": 10.0
  },
  "input_parameters": {
    "test_inputs": [
      1,
      2,
      5,
      10,
      15,
      20
    ]
  },
  "solutions": [
    {
      "name": "素直な解法",
      "function_name": "solve_naive",
      "algorithm_type": "naive",
      "result": 1,
      "execution_times": [
        6.440095603466034e-07,
        3.3102696761488914e-07,
        2.550077624619007e-07
      ],
      "mean_time": 4.100147634744644e-07,
      "median_time": 3.3102696761488914e-07,
      "std_deviation": 2.061792996652385e-07,
      "min_time": 2.550077624619007e-07,
      "max_time": 6.440095603466034e-07,
      "relative_speed": 1.581026485111477,
      "complexity_class": "O(result × n)",
      "input_value": 1
    },
    {
      "name": "最適化解法",
      "function_name": "solve_optimized",
      "algorithm_type": "optimized",
      "result": 1,
      "execution_times": [
        3.9802398532629013e-07,
        3.689783625304699e-07,
        2.469751052558422e-07
      ],
      "mean_time": 3.3799248437086743e-07,
      "median_time": 3.689783625304699e-07,
      "std_deviation": 8.015007502570061e-08,
      "min_time": 2.469751052558422e-07,
      "max_time": 3.9802398532629013e-07,
      "relative_speed": 1.303306898099656,
      "complexity_class": "O(n × log(max_value))",
      "input_value": 1
    },
    {
      "name": "数学的解法",
      "function_name": "solve_mathematical",
      "algorithm_type": "mathematical",
      "result": 1,
      "execution_times": [
        3.4098047763109207e-07,
        2.650194801390171e-07,
        2.469751052558422e-07
      ],
      "mean_time": 2.843250210086505e-07,
      "median_time": 2.650194801390171e-07,
      "std_deviation": 4.9887678238761124e-08,
      "min_time": 2.469751052558422e-07,
      "max_time": 3.4098047763109207e-07,
      "relative_speed": 1.0963639084243604,
      "complexity_class": "O(n × log(log(n)))",
      "input_value": 1
    },
    {
      "name": "標準ライブラリ解法",
      "function_name": "solve_builtin",
      "algorithm_type": "builtin",
      "result": 1,
      "execution_times": [
        3.1298259273171425e-07,
        2.5599729269742966e-07,
        2.0902371034026146e-07
      ],
      "mean_time": 2.593345319231351e-07,
      "median_time": 2.5599729269742966e-07,
      "std_deviation": 5.205972705707521e-08,
      "min_time": 2.0902371034026146e-07,
      "max_time": 3.1298259273171425e-07,
      "relative_speed": 1.0,
      "complexity_class": "O(n × log(max_value))",
      "input_value": 1
    },
    {
      "name": "素直な解法",
      "function_name": "solve_naive",
      "algorithm_type": "naive",
      "result": 2,
      "execution_times": [
        1.6289995983242989e-06,
        6.820191629230976e-07,
        4.6403147280216217e-07
      ],
      "mean_time": 9.250167446831862e-07,
      "median_time": 6.820191629230976e-07,
      "std_deviation": 6.193331509991843e-07,
      "min_time": 4.6403147280216217e-07,
      "max_time": 1.6289995983242989e-06,
      "relative_speed": 1.0,
      "complexity_class": "O(result × n)",
      "input_value": 2
    },
    {
      "name": "最適化解法",
      "function_name": "solve_optimized",
      "algorithm_type": "optimized",
      "result": 2,
      "execution_times": [
        1.600012183189392e-06,
        1.4399993233382702e-06,
        8.520437404513359e-07
      ],
      "mean_time": 1.2973517489929993e-06,
      "median_time": 1.4399993233382702e-06,
      "std_deviation": 3.938596776555584e-07,
      "min_time": 8.520437404513359e-07,
      "max_time": 1.600012183189392e-06,
      "relative_speed": 1.4025170424750917,
      "complexity_class": "O(n × log(max_value))",
      "input_value": 2
    },
    {
      "name": "数学的解法",
      "function_name": "solve_mathematical",
      "algorithm_type": "mathematical",
      "result": 2,
      "execution_times": [
        3.6939745768904686e-06,
        3.3809919841587543e-06,
        2.728018444031477e-06
      ],
      "mean_time": 3.2676616683602333e-06,
      "median_time": 3.3809919841587543e-06,
      "std_deviation": 4.928495034097314e-07,
      "min_time": 2.728018444031477e-06,
      "max_time": 3.6939745768904686e-06,
      "relative_speed": 3.532543261667541,
      "complexity_class": "O(n × log(log(n)))",
      "input_value": 2
    },
    {
      "name": "標準ライブラリ解法",
      "function_name": "solve_builtin",
      "algorithm_type": "builtin",
      "result": 2,
      "execution_times": [
        1.3160170055925846e-06,
        1.2589734978973866e-06,
        6.249756552278996e-07
      ],
      "mean_time": 1.0666553862392902e-06,
      "median_time": 1.2589734978973866e-06,
      "std_deviation": 3.8356776328605073e-07,
      "min_time": 6.249756552278996e-07,
      "max_time": 1.3160170055925846e-06,
      "relative_speed": 1.153120083901416,
      "complexity_class": "O(n × log(max_value))",
      "input_value": 2
    },
    {
      "name": "素直な解法",
      "function_name": "solve_naive",
      "algorithm_type": "naive",
      "result": 60,
      "execution_times": [
        1.3733981177210808e-05,
        1.3638986274600029e-05,
        1.357303699478507e-05
      ],
      "mean_time": 1.3648668148865303e-05,
      "median_time": 1.3638986274600029e-05,
      "std_deviation": 8.090773437155857e-08,
      "min_time": 1.357303699478507e-05,
      "max_time": 1.3733981177210808e-05,
      "relative_speed": 16.691906129131766,
      "complexity_class": "O(result × n)",
      "input_value": 5
    },
    {
      "name": "最適化解法",
      "function_name": "solve_optimized",
      "algorithm_type": "optimized",
      "result": 60,
      "execution_times": [
        1.5819678083062172e-06,
        1.202977728098631e-06,
        1.127016730606556e-06
      ],
      "mean_time": 1.3039874223371346e-06,
      "median_time": 1.202977728098631e-06,
      "std_deviation": 2.4371569404254177e-07,
      "min_time": 1.127016730606556e-06,
      "max_time": 1.5819678083062172e-06,
      "relative_speed": 1.5947369669933322,
      "complexity_class": "O(n × log(max_value))",
      "input_value": 5
    },
    {
      "name": "数学的解法",
      "function_name": "solve_mathematical",
      "algorithm_type": "mathematical",
      "result": 60,
      "execution_times": [
        5.682988557964563e-06,
        3.4190015867352486e-06,
        2.7570058591663837e-06
      ],
      "mean_time": 3.9529986679553986e-06,
      "median_time": 3.4190015867352486e-06,
      "std_deviation": 1.5343429702906385e-06,
      "min_time": 2.7570058591663837e-06,
      "max_time": 5.682988557964563e-06,
      "relative_speed": 4.834397171535012,
      "complexity_class": "O(n × log(log(n)))",
      "input_value": 5
    },
    {
      "name": "標準ライブラリ解法",
      "function_name": "solve_builtin",
      "algorithm_type": "builtin",
      "result": 60,
      "execution_times": [
        9.760260581970215e-07,
        7.950002327561378e-07,
        6.820191629230976e-07
      ],
      "mean_time": 8.176818179587523e-07,
      "median_time": 7.950002327561378e-07,
      "std_deviation": 1.4830999409220744e-07,
      "min_time": 6.820191629230976e-07,
      "max_time": 9.760260581970215e-07,
      "relative_speed": 1.0,
      "complexity_class": "O(n × log(max_value))",
      "input_value": 5
    },
    {
      "name": "素直な解法",
      "function_name": "solve_naive",
      "algorithm_type": "naive",
      "result": 2520,
      "execution_times": [
        0.0006178129697218537,
        0.0006229089922271669,
        0.000601094972807914
      ],
      "mean_time": 0.0006139389782523116,
      "median_time": 0.0006178129697218537,
      "std_deviation": 1.1411341649229926e-05,
      "min_time": 0.000601094972807914,
      "max_time": 0.0006229089922271669,
      "relative_speed": 480.13981366271133,
      "complexity_class": "O(result × n)",